,prob_a,prob_b,weight_a,weight_b
0,1,2,0.1,0.9
1,1,2,0.5,0.5
2,1,2,0.9,0.1
3,1,3,0.1,0.9
4,1,3,0.5,0.5
5,1,3,0.9,0.1
6,1,4,0.1,0.9
7,1,4,0.5,0.5
8,1,4,0.9,0.1
9,1,5,0.1,0.9
10,1,5,0.5,0.5
11,1,5,0.9,0.1
12,1,6,0.1,0.9
13,1,6,0.5,0.5
14,1,6,0.9,0.1
15,1,7,0.1,0.9
16,1,7,0.5,0.5
17,1,7,0.9,0.1
18,1,8,0.1,0.9
19,1,8,0.5,0.5
20,1,8,0.9,0.1
21,1,9,0.1,0.9
22,1,9,0.5,0.5
23,1,9,0.9,0.1
24,1,10,0.1,0.9
25,1,10,0.5,0.5
26,1,10,0.9,0.1
27,1,11,0.1,0.9
28,1,11,0.5,0.5
29,1,11,0.9,0.1
30,1,12,0.1,0.9
31,1,12,0.5,0.5
32,1,12,0.9,0.1
33,1,13,0.1,0.9
34,1,13,0.5,0.5
35,1,13,0.9,0.1
36,1,14,0.1,0.9
37,1,14,0.5,0.5
38,1,14,0.9,0.1
39,1,15,0.1,0.9
40,1,15,0.5,0.5
41,1,15,0.9,0.1
42,1,16,0.1,0.9
43,1,16,0.5,0.5
44,1,16,0.9,0.1
45,1,17,0.1,0.9
46,1,17,0.5,0.5
47,1,17,0.9,0.1
48,1,18,0.1,0.9
49,1,18,0.5,0.5
50,1,18,0.9,0.1
51,1,19,0.1,0.9
52,1,19,0.5,0.5
53,1,19,0.9,0.1
54,1,20,0.1,0.9
55,1,20,0.5,0.5
56,1,20,0.9,0.1
57,1,21,0.1,0.9
58,1,21,0.5,0.5
59,1,21,0.9,0.1
60,1,22,0.1,0.9
61,1,22,0.5,0.5
62,1,22,0.9,0.1
63,1,23,0.1,0.9
64,1,23,0.5,0.5
65,1,23,0.9,0.1
66,1,24,0.1,0.9
67,1,24,0.5,0.5
68,1,24,0.9,0.1
69,2,1,0.1,0.9
70,2,1,0.5,0.5
71,2,1,0.9,0.1
72,2,3,0.1,0.9
73,2,3,0.5,0.5
74,2,3,0.9,0.1
75,2,4,0.1,0.9
76,2,4,0.5,0.5
77,2,4,0.9,0.1
78,2,5,0.1,0.9
79,2,5,0.5,0.5
80,2,5,0.9,0.1
81,2,6,0.1,0.9
82,2,6,0.5,0.5
83,2,6,0.9,0.1
84,2,7,0.1,0.9
85,2,7,0.5,0.5
86,2,7,0.9,0.1
87,2,8,0.1,0.9
88,2,8,0.5,0.5
89,2,8,0.9,0.1
90,2,9,0.1,0.9
91,2,9,0.5,0.5
92,2,9,0.9,0.1
93,2,10,0.1,0.9
94,2,10,0.5,0.5
95,2,10,0.9,0.1
96,2,11,0.1,0.9
97,2,11,0.5,0.5
98,2,11,0.9,0.1
99,2,12,0.1,0.9
100,2,12,0.5,0.5
101,2,12,0.9,0.1
102,2,13,0.1,0.9
103,2,13,0.5,0.5
104,2,13,0.9,0.1
105,2,14,0.1,0.9
106,2,14,0.5,0.5
107,2,14,0.9,0.1
108,2,15,0.1,0.9
109,2,15,0.5,0.5
110,2,15,0.9,0.1
111,2,16,0.1,0.9
112,2,16,0.5,0.5
113,2,16,0.9,0.1
114,2,17,0.1,0.9
115,2,17,0.5,0.5
116,2,17,0.9,0.1
117,2,18,0.1,0.9
118,2,18,0.5,0.5
119,2,18,0.9,0.1
120,2,19,0.1,0.9
121,2,19,0.5,0.5
122,2,19,0.9,0.1
123,2,20,0.1,0.9
124,2,20,0.5,0.5
125,2,20,0.9,0.1
126,2,21,0.1,0.9
127,2,21,0.5,0.5
128,2,21,0.9,0.1
129,2,22,0.1,0.9
130,2,22,0.5,0.5
131,2,22,0.9,0.1
132,2,23,0.1,0.9
133,2,23,0.5,0.5
134,2,23,0.9,0.1
135,2,24,0.1,0.9
136,2,24,0.5,0.5
137,2,24,0.9,0.1
138,3,1,0.1,0.9
139,3,1,0.5,0.5
140,3,1,0.9,0.1
141,3,2,0.1,0.9
142,3,2,0.5,0.5
143,3,2,0.9,0.1
144,3,4,0.1,0.9
145,3,4,0.5,0.5
146,3,4,0.9,0.1
147,3,5,0.1,0.9
148,3,5,0.5,0.5
149,3,5,0.9,0.1
150,3,6,0.1,0.9
151,3,6,0.5,0.5
152,3,6,0.9,0.1
153,3,7,0.1,0.9
154,3,7,0.5,0.5
155,3,7,0.9,0.1
156,3,8,0.1,0.9
157,3,8,0.5,0.5
158,3,8,0.9,0.1
159,3,9,0.1,0.9
160,3,9,0.5,0.5
161,3,9,0.9,0.1
162,3,10,0.1,0.9
163,3,10,0.5,0.5
164,3,10,0.9,0.1
165,3,11,0.1,0.9
166,3,11,0.5,0.5
167,3,11,0.9,0.1
168,3,12,0.1,0.9
169,3,12,0.5,0.5
170,3,12,0.9,0.1
171,3,13,0.1,0.9
172,3,13,0.5,0.5
173,3,13,0.9,0.1
174,3,14,0.1,0.9
175,3,14,0.5,0.5
176,3,14,0.9,0.1
177,3,15,0.1,0.9
178,3,15,0.5,0.5
179,3,15,0.9,0.1
180,3,16,0.1,0.9
181,3,16,0.5,0.5
182,3,16,0.9,0.1
183,3,17,0.1,0.9
184,3,17,0.5,0.5
185,3,17,0.9,0.1
186,3,18,0.1,0.9
187,3,18,0.5,0.5
188,3,18,0.9,0.1
189,3,19,0.1,0.9
190,3,19,0.5,0.5
191,3,19,0.9,0.1
192,3,20,0.1,0.9
193,3,20,0.5,0.5
194,3,20,0.9,0.1
195,3,21,0.1,0.9
196,3,21,0.5,0.5
197,3,21,0.9,0.1
198,3,22,0.1,0.9
199,3,22,0.5,0.5
200,3,22,0.9,0.1
201,3,23,0.1,0.9
202,3,23,0.5,0.5
203,3,23,0.9,0.1
204,3,24,0.1,0.9
205,3,24,0.5,0.5
206,3,24,0.9,0.1
207,4,1,0.1,0.9
208,4,1,0.5,0.5
209,4,1,0.9,0.1
210,4,2,0.1,0.9
211,4,2,0.5,0.5
212,4,2,0.9,0.1
213,4,3,0.1,0.9
214,4,3,0.5,0.5
215,4,3,0.9,0.1
216,4,5,0.1,0.9
217,4,5,0.5,0.5
218,4,5,0.9,0.1
219,4,6,0.1,0.9
220,4,6,0.5,0.5
221,4,6,0.9,0.1
222,4,7,0.1,0.9
223,4,7,0.5,0.5
224,4,7,0.9,0.1
225,4,8,0.1,0.9
226,4,8,0.5,0.5
227,4,8,0.9,0.1
228,4,9,0.1,0.9
229,4,9,0.5,0.5
230,4,9,0.9,0.1
231,4,10,0.1,0.9
232,4,10,0.5,0.5
233,4,10,0.9,0.1
234,4,11,0.1,0.9
235,4,11,0.5,0.5
236,4,11,0.9,0.1
237,4,12,0.1,0.9
238,4,12,0.5,0.5
239,4,12,0.9,0.1
240,4,13,0.1,0.9
241,4,13,0.5,0.5
242,4,13,0.9,0.1
243,4,14,0.1,0.9
244,4,14,0.5,0.5
245,4,14,0.9,0.1
246,4,15,0.1,0.9
247,4,15,0.5,0.5
248,4,15,0.9,0.1
249,4,16,0.1,0.9
250,4,16,0.5,0.5
251,4,16,0.9,0.1
252,4,17,0.1,0.9
253,4,17,0.5,0.5
254,4,17,0.9,0.1
255,4,18,0.1,0.9
256,4,18,0.5,0.5
257,4,18,0.9,0.1
258,4,19,0.1,0.9
259,4,19,0.5,0.5
260,4,19,0.9,0.1
261,4,20,0.1,0.9
262,4,20,0.5,0.5
263,4,20,0.9,0.1
264,4,21,0.1,0.9
265,4,21,0.5,0.5
266,4,21,0.9,0.1
267,4,22,0.1,0.9
268,4,22,0.5,0.5
269,4,22,0.9,0.1
270,4,23,0.1,0.9
271,4,23,0.5,0.5
272,4,23,0.9,0.1
273,4,24,0.1,0.9
274,4,24,0.5,0.5
275,4,24,0.9,0.1
276,5,1,0.1,0.9
277,5,1,0.5,0.5
278,5,1,0.9,0.1
279,5,2,0.1,0.9
280,5,2,0.5,0.5
281,5,2,0.9,0.1
282,5,3,0.1,0.9
283,5,3,0.5,0.5
284,5,3,0.9,0.1
285,5,4,0.1,0.9
286,5,4,0.5,0.5
287,5,4,0.9,0.1
288,5,6,0.1,0.9
289,5,6,0.5,0.5
290,5,6,0.9,0.1
291,5,7,0.1,0.9
292,5,7,0.5,0.5
293,5,7,0.9,0.1
294,5,8,0.1,0.9
295,5,8,0.5,0.5
296,5,8,0.9,0.1
297,5,9,0.1,0.9
298,5,9,0.5,0.5
299,5,9,0.9,0.1
300,5,10,0.1,0.9
301,5,10,0.5,0.5
302,5,10,0.9,0.1
303,5,11,0.1,0.9
304,5,11,0.5,0.5
305,5,11,0.9,0.1
306,5,12,0.1,0.9
307,5,12,0.5,0.5
308,5,12,0.9,0.1
309,5,13,0.1,0.9
310,5,13,0.5,0.5
311,5,13,0.9,0.1
312,5,14,0.1,0.9
313,5,14,0.5,0.5
314,5,14,0.9,0.1
315,5,15,0.1,0.9
316,5,15,0.5,0.5
317,5,15,0.9,0.1
318,5,16,0.1,0.9
319,5,16,0.5,0.5
320,5,16,0.9,0.1
321,5,17,0.1,0.9
322,5,17,0.5,0.5
323,5,17,0.9,0.1
324,5,18,0.1,0.9
325,5,18,0.5,0.5
326,5,18,0.9,0.1
327,5,19,0.1,0.9
328,5,19,0.5,0.5
329,5,19,0.9,0.1
330,5,20,0.1,0.9
331,5,20,0.5,0.5
332,5,20,0.9,0.1
333,5,21,0.1,0.9
334,5,21,0.5,0.5
335,5,21,0.9,0.1
336,5,22,0.1,0.9
337,5,22,0.5,0.5
338,5,22,0.9,0.1
339,5,23,0.1,0.9
340,5,23,0.5,0.5
341,5,23,0.9,0.1
342,5,24,0.1,0.9
343,5,24,0.5,0.5
344,5,24,0.9,0.1
345,6,1,0.1,0.9
346,6,1,0.5,0.5
347,6,1,0.9,0.1
348,6,2,0.1,0.9
349,6,2,0.5,0.5
350,6,2,0.9,0.1
351,6,3,0.1,0.9
352,6,3,0.5,0.5
353,6,3,0.9,0.1
354,6,4,0.1,0.9
355,6,4,0.5,0.5
356,6,4,0.9,0.1
357,6,5,0.1,0.9
358,6,5,0.5,0.5
359,6,5,0.9,0.1
360,6,7,0.1,0.9
361,6,7,0.5,0.5
362,6,7,0.9,0.1
363,6,8,0.1,0.9
364,6,8,0.5,0.5
365,6,8,0.9,0.1
366,6,9,0.1,0.9
367,6,9,0.5,0.5
368,6,9,0.9,0.1
369,6,10,0.1,0.9
370,6,10,0.5,0.5
371,6,10,0.9,0.1
372,6,11,0.1,0.9
373,6,11,0.5,0.5
374,6,11,0.9,0.1
375,6,12,0.1,0.9
376,6,12,0.5,0.5
377,6,12,0.9,0.1
378,6,13,0.1,0.9
379,6,13,0.5,0.5
380,6,13,0.9,0.1
381,6,14,0.1,0.9
382,6,14,0.5,0.5
383,6,14,0.9,0.1
384,6,15,0.1,0.9
385,6,15,0.5,0.5
386,6,15,0.9,0.1
387,6,16,0.1,0.9
388,6,16,0.5,0.5
389,6,16,0.9,0.1
390,6,17,0.1,0.9
391,6,17,0.5,0.5
392,6,17,0.9,0.1
393,6,18,0.1,0.9
394,6,18,0.5,0.5
395,6,18,0.9,0.1
396,6,19,0.1,0.9
397,6,19,0.5,0.5
398,6,19,0.9,0.1
399,6,20,0.1,0.9
400,6,20,0.5,0.5
401,6,20,0.9,0.1
402,6,21,0.1,0.9
403,6,21,0.5,0.5
404,6,21,0.9,0.1
405,6,22,0.1,0.9
406,6,22,0.5,0.5
407,6,22,0.9,0.1
408,6,23,0.1,0.9
409,6,23,0.5,0.5
410,6,23,0.9,0.1
411,6,24,0.1,0.9
412,6,24,0.5,0.5
413,6,24,0.9,0.1
414,7,1,0.1,0.9
415,7,1,0.5,0.5
416,7,1,0.9,0.1
417,7,2,0.1,0.9
418,7,2,0.5,0.5
419,7,2,0.9,0.1
420,7,3,0.1,0.9
421,7,3,0.5,0.5
422,7,3,0.9,0.1
423,7,4,0.1,0.9
424,7,4,0.5,0.5
425,7,4,0.9,0.1
426,7,5,0.1,0.9
427,7,5,0.5,0.5
428,7,5,0.9,0.1
429,7,6,0.1,0.9
430,7,6,0.5,0.5
431,7,6,0.9,0.1
432,7,8,0.1,0.9
433,7,8,0.5,0.5
434,7,8,0.9,0.1
435,7,9,0.1,0.9
436,7,9,0.5,0.5
437,7,9,0.9,0.1
438,7,10,0.1,0.9
439,7,10,0.5,0.5
440,7,10,0.9,0.1
441,7,11,0.1,0.9
442,7,11,0.5,0.5
443,7,11,0.9,0.1
444,7,12,0.1,0.9
445,7,12,0.5,0.5
446,7,12,0.9,0.1
447,7,13,0.1,0.9
448,7,13,0.5,0.5
449,7,13,0.9,0.1
450,7,14,0.1,0.9
451,7,14,0.5,0.5
452,7,14,0.9,0.1
453,7,15,0.1,0.9
454,7,15,0.5,0.5
455,7,15,0.9,0.1
456,7,16,0.1,0.9
457,7,16,0.5,0.5
458,7,16,0.9,0.1
459,7,17,0.1,0.9
460,7,17,0.5,0.5
461,7,17,0.9,0.1
462,7,18,0.1,0.9
463,7,18,0.5,0.5
464,7,18,0.9,0.1
465,7,19,0.1,0.9
466,7,19,0.5,0.5
467,7,19,0.9,0.1
468,7,20,0.1,0.9
469,7,20,0.5,0.5
470,7,20,0.9,0.1
471,7,21,0.1,0.9
472,7,21,0.5,0.5
473,7,21,0.9,0.1
474,7,22,0.1,0.9
475,7,22,0.5,0.5
476,7,22,0.9,0.1
477,7,23,0.1,0.9
478,7,23,0.5,0.5
479,7,23,0.9,0.1
480,7,24,0.1,0.9
481,7,24,0.5,0.5
482,7,24,0.9,0.1
483,8,1,0.1,0.9
484,8,1,0.5,0.5
485,8,1,0.9,0.1
486,8,2,0.1,0.9
487,8,2,0.5,0.5
488,8,2,0.9,0.1
489,8,3,0.1,0.9
490,8,3,0.5,0.5
491,8,3,0.9,0.1
492,8,4,0.1,0.9
493,8,4,0.5,0.5
494,8,4,0.9,0.1
495,8,5,0.1,0.9
496,8,5,0.5,0.5
497,8,5,0.9,0.1
498,8,6,0.1,0.9
499,8,6,0.5,0.5
500,8,6,0.9,0.1
501,8,7,0.1,0.9
502,8,7,0.5,0.5
503,8,7,0.9,0.1
504,8,9,0.1,0.9
505,8,9,0.5,0.5
506,8,9,0.9,0.1
507,8,10,0.1,0.9
508,8,10,0.5,0.5
509,8,10,0.9,0.1
510,8,11,0.1,0.9
511,8,11,0.5,0.5
512,8,11,0.9,0.1
513,8,12,0.1,0.9
514,8,12,0.5,0.5
515,8,12,0.9,0.1
516,8,13,0.1,0.9
517,8,13,0.5,0.5
518,8,13,0.9,0.1
519,8,14,0.1,0.9
520,8,14,0.5,0.5
521,8,14,0.9,0.1
522,8,15,0.1,0.9
523,8,15,0.5,0.5
524,8,15,0.9,0.1
525,8,16,0.1,0.9
526,8,16,0.5,0.5
527,8,16,0.9,0.1
528,8,17,0.1,0.9
529,8,17,0.5,0.5
530,8,17,0.9,0.1
531,8,18,0.1,0.9
532,8,18,0.5,0.5
533,8,18,0.9,0.1
534,8,19,0.1,0.9
535,8,19,0.5,0.5
536,8,19,0.9,0.1
537,8,20,0.1,0.9
538,8,20,0.5,0.5
539,8,20,0.9,0.1
540,8,21,0.1,0.9
541,8,21,0.5,0.5
542,8,21,0.9,0.1
543,8,22,0.1,0.9
544,8,22,0.5,0.5
545,8,22,0.9,0.1
546,8,23,0.1,0.9
547,8,23,0.5,0.5
548,8,23,0.9,0.1
549,8,24,0.1,0.9
550,8,24,0.5,0.5
551,8,24,0.9,0.1
552,9,1,0.1,0.9
553,9,1,0.5,0.5
554,9,1,0.9,0.1
555,9,2,0.1,0.9
556,9,2,0.5,0.5
557,9,2,0.9,0.1
558,9,3,0.1,0.9
559,9,3,0.5,0.5
560,9,3,0.9,0.1
561,9,4,0.1,0.9
562,9,4,0.5,0.5
563,9,4,0.9,0.1
564,9,5,0.1,0.9
565,9,5,0.5,0.5
566,9,5,0.9,0.1
567,9,6,0.1,0.9
568,9,6,0.5,0.5
569,9,6,0.9,0.1
570,9,7,0.1,0.9
571,9,7,0.5,0.5
572,9,7,0.9,0.1
573,9,8,0.1,0.9
574,9,8,0.5,0.5
575,9,8,0.9,0.1
576,9,10,0.1,0.9
577,9,10,0.5,0.5
578,9,10,0.9,0.1
579,9,11,0.1,0.9
580,9,11,0.5,0.5
581,9,11,0.9,0.1
582,9,12,0.1,0.9
583,9,12,0.5,0.5
584,9,12,0.9,0.1
585,9,13,0.1,0.9
586,9,13,0.5,0.5
587,9,13,0.9,0.1
588,9,14,0.1,0.9
589,9,14,0.5,0.5
590,9,14,0.9,0.1
591,9,15,0.1,0.9
592,9,15,0.5,0.5
593,9,15,0.9,0.1
594,9,16,0.1,0.9
595,9,16,0.5,0.5
596,9,16,0.9,0.1
597,9,17,0.1,0.9
598,9,17,0.5,0.5
599,9,17,0.9,0.1
600,9,18,0.1,0.9
601,9,18,0.5,0.5
602,9,18,0.9,0.1
603,9,19,0.1,0.9
604,9,19,0.5,0.5
605,9,19,0.9,0.1
606,9,20,0.1,0.9
607,9,20,0.5,0.5
608,9,20,0.9,0.1
609,9,21,0.1,0.9
610,9,21,0.5,0.5
611,9,21,0.9,0.1
612,9,22,0.1,0.9
613,9,22,0.5,0.5
614,9,22,0.9,0.1
615,9,23,0.1,0.9
616,9,23,0.5,0.5
617,9,23,0.9,0.1
618,9,24,0.1,0.9
619,9,24,0.5,0.5
620,9,24,0.9,0.1
621,10,1,0.1,0.9
622,10,1,0.5,0.5
623,10,1,0.9,0.1
624,10,2,0.1,0.9
625,10,2,0.5,0.5
626,10,2,0.9,0.1
627,10,3,0.1,0.9
628,10,3,0.5,0.5
629,10,3,0.9,0.1
630,10,4,0.1,0.9
631,10,4,0.5,0.5
632,10,4,0.9,0.1
633,10,5,0.1,0.9
634,10,5,0.5,0.5
635,10,5,0.9,0.1
636,10,6,0.1,0.9
637,10,6,0.5,0.5
638,10,6,0.9,0.1
639,10,7,0.1,0.9
640,10,7,0.5,0.5
641,10,7,0.9,0.1
642,10,8,0.1,0.9
643,10,8,0.5,0.5
644,10,8,0.9,0.1
645,10,9,0.1,0.9
646,10,9,0.5,0.5
647,10,9,0.9,0.1
648,10,11,0.1,0.9
649,10,11,0.5,0.5
650,10,11,0.9,0.1
651,10,12,0.1,0.9
652,10,12,0.5,0.5
653,10,12,0.9,0.1
654,10,13,0.1,0.9
655,10,13,0.5,0.5
656,10,13,0.9,0.1
657,10,14,0.1,0.9
658,10,14,0.5,0.5
659,10,14,0.9,0.1
660,10,15,0.1,0.9
661,10,15,0.5,0.5
662,10,15,0.9,0.1
663,10,16,0.1,0.9
664,10,16,0.5,0.5
665,10,16,0.9,0.1
666,10,17,0.1,0.9
667,10,17,0.5,0.5
668,10,17,0.9,0.1
669,10,18,0.1,0.9
670,10,18,0.5,0.5
671,10,18,0.9,0.1
672,10,19,0.1,0.9
673,10,19,0.5,0.5
674,10,19,0.9,0.1
675,10,20,0.1,0.9
676,10,20,0.5,0.5
677,10,20,0.9,0.1
678,10,21,0.1,0.9
679,10,21,0.5,0.5
680,10,21,0.9,0.1
681,10,22,0.1,0.9
682,10,22,0.5,0.5
683,10,22,0.9,0.1
684,10,23,0.1,0.9
685,10,23,0.5,0.5
686,10,23,0.9,0.1
687,10,24,0.1,0.9
688,10,24,0.5,0.5
689,10,24,0.9,0.1
690,11,1,0.1,0.9
691,11,1,0.5,0.5
692,11,1,0.9,0.1
693,11,2,0.1,0.9
694,11,2,0.5,0.5
695,11,2,0.9,0.1
696,11,3,0.1,0.9
697,11,3,0.5,0.5
698,11,3,0.9,0.1
699,11,4,0.1,0.9
700,11,4,0.5,0.5
701,11,4,0.9,0.1
702,11,5,0.1,0.9
703,11,5,0.5,0.5
704,11,5,0.9,0.1
705,11,6,0.1,0.9
706,11,6,0.5,0.5
707,11,6,0.9,0.1
708,11,7,0.1,0.9
709,11,7,0.5,0.5
710,11,7,0.9,0.1
711,11,8,0.1,0.9
712,11,8,0.5,0.5
713,11,8,0.9,0.1
714,11,9,0.1,0.9
715,11,9,0.5,0.5
716,11,9,0.9,0.1
717,11,10,0.1,0.9
718,11,10,0.5,0.5
719,11,10,0.9,0.1
720,11,12,0.1,0.9
721,11,12,0.5,0.5
722,11,12,0.9,0.1
723,11,13,0.1,0.9
724,11,13,0.5,0.5
725,11,13,0.9,0.1
726,11,14,0.1,0.9
727,11,14,0.5,0.5
728,11,14,0.9,0.1
729,11,15,0.1,0.9
730,11,15,0.5,0.5
731,11,15,0.9,0.1
732,11,16,0.1,0.9
733,11,16,0.5,0.5
734,11,16,0.9,0.1
735,11,17,0.1,0.9
736,11,17,0.5,0.5
737,11,17,0.9,0.1
738,11,18,0.1,0.9
739,11,18,0.5,0.5
740,11,18,0.9,0.1
741,11,19,0.1,0.9
742,11,19,0.5,0.5
743,11,19,0.9,0.1
744,11,20,0.1,0.9
745,11,20,0.5,0.5
746,11,20,0.9,0.1
747,11,21,0.1,0.9
748,11,21,0.5,0.5
749,11,21,0.9,0.1
750,11,22,0.1,0.9
751,11,22,0.5,0.5
752,11,22,0.9,0.1
753,11,23,0.1,0.9
754,11,23,0.5,0.5
755,11,23,0.9,0.1
756,11,24,0.1,0.9
757,11,24,0.5,0.5
758,11,24,0.9,0.1
759,12,1,0.1,0.9
760,12,1,0.5,0.5
761,12,1,0.9,0.1
762,12,2,0.1,0.9
763,12,2,0.5,0.5
764,12,2,0.9,0.1
765,12,3,0.1,0.9
766,12,3,0.5,0.5
767,12,3,0.9,0.1
768,12,4,0.1,0.9
769,12,4,0.5,0.5
770,12,4,0.9,0.1
771,12,5,0.1,0.9
772,12,5,0.5,0.5
773,12,5,0.9,0.1
774,12,6,0.1,0.9
775,12,6,0.5,0.5
776,12,6,0.9,0.1
777,12,7,0.1,0.9
778,12,7,0.5,0.5
779,12,7,0.9,0.1
780,12,8,0.1,0.9
781,12,8,0.5,0.5
782,12,8,0.9,0.1
783,12,9,0.1,0.9
784,12,9,0.5,0.5
785,12,9,0.9,0.1
786,12,10,0.1,0.9
787,12,10,0.5,0.5
788,12,10,0.9,0.1
789,12,11,0.1,0.9
790,12,11,0.5,0.5
791,12,11,0.9,0.1
792,12,13,0.1,0.9
793,12,13,0.5,0.5
794,12,13,0.9,0.1
795,12,14,0.1,0.9
796,12,14,0.5,0.5
797,12,14,0.9,0.1
798,12,15,0.1,0.9
799,12,15,0.5,0.5
800,12,15,0.9,0.1
801,12,16,0.1,0.9
802,12,16,0.5,0.5
803,12,16,0.9,0.1
804,12,17,0.1,0.9
805,12,17,0.5,0.5
806,12,17,0.9,0.1
807,12,18,0.1,0.9
808,12,18,0.5,0.5
809,12,18,0.9,0.1
810,12,19,0.1,0.9
811,12,19,0.5,0.5
812,12,19,0.9,0.1
813,12,20,0.1,0.9
814,12,20,0.5,0.5
815,12,20,0.9,0.1
816,12,21,0.1,0.9
817,12,21,0.5,0.5
818,12,21,0.9,0.1
819,12,22,0.1,0.9
820,12,22,0.5,0.5
821,12,22,0.9,0.1
822,12,23,0.1,0.9
823,12,23,0.5,0.5
824,12,23,0.9,0.1
825,12,24,0.1,0.9
826,12,24,0.5,0.5
827,12,24,0.9,0.1
828,13,1,0.1,0.9
829,13,1,0.5,0.5
830,13,1,0.9,0.1
831,13,2,0.1,0.9
832,13,2,0.5,0.5
833,13,2,0.9,0.1
834,13,3,0.1,0.9
835,13,3,0.5,0.5
836,13,3,0.9,0.1
837,13,4,0.1,0.9
838,13,4,0.5,0.5
839,13,4,0.9,0.1
840,13,5,0.1,0.9
841,13,5,0.5,0.5
842,13,5,0.9,0.1
843,13,6,0.1,0.9
844,13,6,0.5,0.5
845,13,6,0.9,0.1
846,13,7,0.1,0.9
847,13,7,0.5,0.5
848,13,7,0.9,0.1
849,13,8,0.1,0.9
850,13,8,0.5,0.5
851,13,8,0.9,0.1
852,13,9,0.1,0.9
853,13,9,0.5,0.5
854,13,9,0.9,0.1
855,13,10,0.1,0.9
856,13,10,0.5,0.5
857,13,10,0.9,0.1
858,13,11,0.1,0.9
859,13,11,0.5,0.5
860,13,11,0.9,0.1
861,13,12,0.1,0.9
862,13,12,0.5,0.5
863,13,12,0.9,0.1
864,13,14,0.1,0.9
865,13,14,0.5,0.5
866,13,14,0.9,0.1
867,13,15,0.1,0.9
868,13,15,0.5,0.5
869,13,15,0.9,0.1
870,13,16,0.1,0.9
871,13,16,0.5,0.5
872,13,16,0.9,0.1
873,13,17,0.1,0.9
874,13,17,0.5,0.5
875,13,17,0.9,0.1
876,13,18,0.1,0.9
877,13,18,0.5,0.5
878,13,18,0.9,0.1
879,13,19,0.1,0.9
880,13,19,0.5,0.5
881,13,19,0.9,0.1
882,13,20,0.1,0.9
883,13,20,0.5,0.5
884,13,20,0.9,0.1
885,13,21,0.1,0.9
886,13,21,0.5,0.5
887,13,21,0.9,0.1
888,13,22,0.1,0.9
889,13,22,0.5,0.5
890,13,22,0.9,0.1
891,13,23,0.1,0.9
892,13,23,0.5,0.5
893,13,23,0.9,0.1
894,13,24,0.1,0.9
895,13,24,0.5,0.5
896,13,24,0.9,0.1
897,14,1,0.1,0.9
898,14,1,0.5,0.5
899,14,1,0.9,0.1
900,14,2,0.1,0.9
901,14,2,0.5,0.5
902,14,2,0.9,0.1
903,14,3,0.1,0.9
904,14,3,0.5,0.5
905,14,3,0.9,0.1
906,14,4,0.1,0.9
907,14,4,0.5,0.5
908,14,4,0.9,0.1
909,14,5,0.1,0.9
910,14,5,0.5,0.5
911,14,5,0.9,0.1
912,14,6,0.1,0.9
913,14,6,0.5,0.5
914,14,6,0.9,0.1
915,14,7,0.1,0.9
916,14,7,0.5,0.5
917,14,7,0.9,0.1
918,14,8,0.1,0.9
919,14,8,0.5,0.5
920,14,8,0.9,0.1
921,14,9,0.1,0.9
922,14,9,0.5,0.5
923,14,9,0.9,0.1
924,14,10,0.1,0.9
925,14,10,0.5,0.5
926,14,10,0.9,0.1
927,14,11,0.1,0.9
928,14,11,0.5,0.5
929,14,11,0.9,0.1
930,14,12,0.1,0.9
931,14,12,0.5,0.5
932,14,12,0.9,0.1
933,14,13,0.1,0.9
934,14,13,0.5,0.5
935,14,13,0.9,0.1
936,14,15,0.1,0.9
937,14,15,0.5,0.5
938,14,15,0.9,0.1
939,14,16,0.1,0.9
940,14,16,0.5,0.5
941,14,16,0.9,0.1
942,14,17,0.1,0.9
943,14,17,0.5,0.5
944,14,17,0.9,0.1
945,14,18,0.1,0.9
946,14,18,0.5,0.5
947,14,18,0.9,0.1
948,14,19,0.1,0.9
949,14,19,0.5,0.5
950,14,19,0.9,0.1
951,14,20,0.1,0.9
952,14,20,0.5,0.5
953,14,20,0.9,0.1
954,14,21,0.1,0.9
955,14,21,0.5,0.5
956,14,21,0.9,0.1
957,14,22,0.1,0.9
958,14,22,0.5,0.5
959,14,22,0.9,0.1
960,14,23,0.1,0.9
961,14,23,0.5,0.5
962,14,23,0.9,0.1
963,14,24,0.1,0.9
964,14,24,0.5,0.5
965,14,24,0.9,0.1
966,15,1,0.1,0.9
967,15,1,0.5,0.5
968,15,1,0.9,0.1
969,15,2,0.1,0.9
970,15,2,0.5,0.5
971,15,2,0.9,0.1
972,15,3,0.1,0.9
973,15,3,0.5,0.5
974,15,3,0.9,0.1
975,15,4,0.1,0.9
976,15,4,0.5,0.5
977,15,4,0.9,0.1
978,15,5,0.1,0.9
979,15,5,0.5,0.5
980,15,5,0.9,0.1
981,15,6,0.1,0.9
982,15,6,0.5,0.5
983,15,6,0.9,0.1
984,15,7,0.1,0.9
985,15,7,0.5,0.5
986,15,7,0.9,0.1
987,15,8,0.1,0.9
988,15,8,0.5,0.5
989,15,8,0.9,0.1
990,15,9,0.1,0.9
991,15,9,0.5,0.5
992,15,9,0.9,0.1
993,15,10,0.1,0.9
994,15,10,0.5,0.5
995,15,10,0.9,0.1
996,15,11,0.1,0.9
997,15,11,0.5,0.5
998,15,11,0.9,0.1
999,15,12,0.1,0.9
1000,15,12,0.5,0.5
1001,15,12,0.9,0.1
1002,15,13,0.1,0.9
1003,15,13,0.5,0.5
1004,15,13,0.9,0.1
1005,15,14,0.1,0.9
1006,15,14,0.5,0.5
1007,15,14,0.9,0.1
1008,15,16,0.1,0.9
1009,15,16,0.5,0.5
1010,15,16,0.9,0.1
1011,15,17,0.1,0.9
1012,15,17,0.5,0.5
1013,15,17,0.9,0.1
1014,15,18,0.1,0.9
1015,15,18,0.5,0.5
1016,15,18,0.9,0.1
1017,15,19,0.1,0.9
1018,15,19,0.5,0.5
1019,15,19,0.9,0.1
1020,15,20,0.1,0.9
1021,15,20,0.5,0.5
1022,15,20,0.9,0.1
1023,15,21,0.1,0.9
1024,15,21,0.5,0.5
1025,15,21,0.9,0.1
1026,15,22,0.1,0.9
1027,15,22,0.5,0.5
1028,15,22,0.9,0.1
1029,15,23,0.1,0.9
1030,15,23,0.5,0.5
1031,15,23,0.9,0.1
1032,15,24,0.1,0.9
1033,15,24,0.5,0.5
1034,15,24,0.9,0.1
1035,16,1,0.1,0.9
1036,16,1,0.5,0.5
1037,16,1,0.9,0.1
1038,16,2,0.1,0.9
1039,16,2,0.5,0.5
1040,16,2,0.9,0.1
1041,16,3,0.1,0.9
1042,16,3,0.5,0.5
1043,16,3,0.9,0.1
1044,16,4,0.1,0.9
1045,16,4,0.5,0.5
1046,16,4,0.9,0.1
1047,16,5,0.1,0.9
1048,16,5,0.5,0.5
1049,16,5,0.9,0.1
1050,16,6,0.1,0.9
1051,16,6,0.5,0.5
1052,16,6,0.9,0.1
1053,16,7,0.1,0.9
1054,16,7,0.5,0.5
1055,16,7,0.9,0.1
1056,16,8,0.1,0.9
1057,16,8,0.5,0.5
1058,16,8,0.9,0.1
1059,16,9,0.1,0.9
1060,16,9,0.5,0.5
1061,16,9,0.9,0.1
1062,16,10,0.1,0.9
1063,16,10,0.5,0.5
1064,16,10,0.9,0.1
1065,16,11,0.1,0.9
1066,16,11,0.5,0.5
1067,16,11,0.9,0.1
1068,16,12,0.1,0.9
1069,16,12,0.5,0.5
1070,16,12,0.9,0.1
1071,16,13,0.1,0.9
1072,16,13,0.5,0.5
1073,16,13,0.9,0.1
1074,16,14,0.1,0.9
1075,16,14,0.5,0.5
1076,16,14,0.9,0.1
1077,16,15,0.1,0.9
1078,16,15,0.5,0.5
1079,16,15,0.9,0.1
1080,16,17,0.1,0.9
1081,16,17,0.5,0.5
1082,16,17,0.9,0.1
1083,16,18,0.1,0.9
1084,16,18,0.5,0.5
1085,16,18,0.9,0.1
1086,16,19,0.1,0.9
1087,16,19,0.5,0.5
1088,16,19,0.9,0.1
1089,16,20,0.1,0.9
1090,16,20,0.5,0.5
1091,16,20,0.9,0.1
1092,16,21,0.1,0.9
1093,16,21,0.5,0.5
1094,16,21,0.9,0.1
1095,16,22,0.1,0.9
1096,16,22,0.5,0.5
1097,16,22,0.9,0.1
1098,16,23,0.1,0.9
1099,16,23,0.5,0.5
1100,16,23,0.9,0.1
1101,16,24,0.1,0.9
1102,16,24,0.5,0.5
1103,16,24,0.9,0.1
1104,17,1,0.1,0.9
1105,17,1,0.5,0.5
1106,17,1,0.9,0.1
1107,17,2,0.1,0.9
1108,17,2,0.5,0.5
1109,17,2,0.9,0.1
1110,17,3,0.1,0.9
1111,17,3,0.5,0.5
1112,17,3,0.9,0.1
1113,17,4,0.1,0.9
1114,17,4,0.5,0.5
1115,17,4,0.9,0.1
1116,17,5,0.1,0.9
1117,17,5,0.5,0.5
1118,17,5,0.9,0.1
1119,17,6,0.1,0.9
1120,17,6,0.5,0.5
1121,17,6,0.9,0.1
1122,17,7,0.1,0.9
1123,17,7,0.5,0.5
1124,17,7,0.9,0.1
1125,17,8,0.1,0.9
1126,17,8,0.5,0.5
1127,17,8,0.9,0.1
1128,17,9,0.1,0.9
1129,17,9,0.5,0.5
1130,17,9,0.9,0.1
1131,17,10,0.1,0.9
1132,17,10,0.5,0.5
1133,17,10,0.9,0.1
1134,17,11,0.1,0.9
1135,17,11,0.5,0.5
1136,17,11,0.9,0.1
1137,17,12,0.1,0.9
1138,17,12,0.5,0.5
1139,17,12,0.9,0.1
1140,17,13,0.1,0.9
1141,17,13,0.5,0.5
1142,17,13,0.9,0.1
1143,17,14,0.1,0.9
1144,17,14,0.5,0.5
1145,17,14,0.9,0.1
1146,17,15,0.1,0.9
1147,17,15,0.5,0.5
1148,17,15,0.9,0.1
1149,17,16,0.1,0.9
1150,17,16,0.5,0.5
1151,17,16,0.9,0.1
1152,17,18,0.1,0.9
1153,17,18,0.5,0.5
1154,17,18,0.9,0.1
1155,17,19,0.1,0.9
1156,17,19,0.5,0.5
1157,17,19,0.9,0.1
1158,17,20,0.1,0.9
1159,17,20,0.5,0.5
1160,17,20,0.9,0.1
1161,17,21,0.1,0.9
1162,17,21,0.5,0.5
1163,17,21,0.9,0.1
1164,17,22,0.1,0.9
1165,17,22,0.5,0.5
1166,17,22,0.9,0.1
1167,17,23,0.1,0.9
1168,17,23,0.5,0.5
1169,17,23,0.9,0.1
1170,17,24,0.1,0.9
1171,17,24,0.5,0.5
1172,17,24,0.9,0.1
1173,18,1,0.1,0.9
1174,18,1,0.5,0.5
1175,18,1,0.9,0.1
1176,18,2,0.1,0.9
1177,18,2,0.5,0.5
1178,18,2,0.9,0.1
1179,18,3,0.1,0.9
1180,18,3,0.5,0.5
1181,18,3,0.9,0.1
1182,18,4,0.1,0.9
1183,18,4,0.5,0.5
1184,18,4,0.9,0.1
1185,18,5,0.1,0.9
1186,18,5,0.5,0.5
1187,18,5,0.9,0.1
1188,18,6,0.1,0.9
1189,18,6,0.5,0.5
1190,18,6,0.9,0.1
1191,18,7,0.1,0.9
1192,18,7,0.5,0.5
1193,18,7,0.9,0.1
1194,18,8,0.1,0.9
1195,18,8,0.5,0.5
1196,18,8,0.9,0.1
1197,18,9,0.1,0.9
1198,18,9,0.5,0.5
1199,18,9,0.9,0.1
1200,18,10,0.1,0.9
1201,18,10,0.5,0.5
1202,18,10,0.9,0.1
1203,18,11,0.1,0.9
1204,18,11,0.5,0.5
1205,18,11,0.9,0.1
1206,18,12,0.1,0.9
1207,18,12,0.5,0.5
1208,18,12,0.9,0.1
1209,18,13,0.1,0.9
1210,18,13,0.5,0.5
1211,18,13,0.9,0.1
1212,18,14,0.1,0.9
1213,18,14,0.5,0.5
1214,18,14,0.9,0.1
1215,18,15,0.1,0.9
1216,18,15,0.5,0.5
1217,18,15,0.9,0.1
1218,18,16,0.1,0.9
1219,18,16,0.5,0.5
1220,18,16,0.9,0.1
1221,18,17,0.1,0.9
1222,18,17,0.5,0.5
1223,18,17,0.9,0.1
1224,18,19,0.1,0.9
1225,18,19,0.5,0.5
1226,18,19,0.9,0.1
1227,18,20,0.1,0.9
1228,18,20,0.5,0.5
1229,18,20,0.9,0.1
1230,18,21,0.1,0.9
1231,18,21,0.5,0.5
1232,18,21,0.9,0.1
1233,18,22,0.1,0.9
1234,18,22,0.5,0.5
1235,18,22,0.9,0.1
1236,18,23,0.1,0.9
1237,18,23,0.5,0.5
1238,18,23,0.9,0.1
1239,18,24,0.1,0.9
1240,18,24,0.5,0.5
1241,18,24,0.9,0.1
1242,19,1,0.1,0.9
1243,19,1,0.5,0.5
1244,19,1,0.9,0.1
1245,19,2,0.1,0.9
1246,19,2,0.5,0.5
1247,19,2,0.9,0.1
1248,19,3,0.1,0.9
1249,19,3,0.5,0.5
1250,19,3,0.9,0.1
1251,19,4,0.1,0.9
1252,19,4,0.5,0.5
1253,19,4,0.9,0.1
1254,19,5,0.1,0.9
1255,19,5,0.5,0.5
1256,19,5,0.9,0.1
1257,19,6,0.1,0.9
1258,19,6,0.5,0.5
1259,19,6,0.9,0.1
1260,19,7,0.1,0.9
1261,19,7,0.5,0.5
1262,19,7,0.9,0.1
1263,19,8,0.1,0.9
1264,19,8,0.5,0.5
1265,19,8,0.9,0.1
1266,19,9,0.1,0.9
1267,19,9,0.5,0.5
1268,19,9,0.9,0.1
1269,19,10,0.1,0.9
1270,19,10,0.5,0.5
1271,19,10,0.9,0.1
1272,19,11,0.1,0.9
1273,19,11,0.5,0.5
1274,19,11,0.9,0.1
1275,19,12,0.1,0.9
1276,19,12,0.5,0.5
1277,19,12,0.9,0.1
1278,19,13,0.1,0.9
1279,19,13,0.5,0.5
1280,19,13,0.9,0.1
1281,19,14,0.1,0.9
1282,19,14,0.5,0.5
1283,19,14,0.9,0.1
1284,19,15,0.1,0.9
1285,19,15,0.5,0.5
1286,19,15,0.9,0.1
1287,19,16,0.1,0.9
1288,19,16,0.5,0.5
1289,19,16,0.9,0.1
1290,19,17,0.1,0.9
1291,19,17,0.5,0.5
1292,19,17,0.9,0.1
1293,19,18,0.1,0.9
1294,19,18,0.5,0.5
1295,19,18,0.9,0.1
1296,19,20,0.1,0.9
1297,19,20,0.5,0.5
1298,19,20,0.9,0.1
1299,19,21,0.1,0.9
1300,19,21,0.5,0.5
1301,19,21,0.9,0.1
1302,19,22,0.1,0.9
1303,19,22,0.5,0.5
1304,19,22,0.9,0.1
1305,19,23,0.1,0.9
1306,19,23,0.5,0.5
1307,19,23,0.9,0.1
1308,19,24,0.1,0.9
1309,19,24,0.5,0.5
1310,19,24,0.9,0.1
1311,20,1,0.1,0.9
1312,20,1,0.5,0.5
1313,20,1,0.9,0.1
1314,20,2,0.1,0.9
1315,20,2,0.5,0.5
1316,20,2,0.9,0.1
1317,20,3,0.1,0.9
1318,20,3,0.5,0.5
1319,20,3,0.9,0.1
1320,20,4,0.1,0.9
1321,20,4,0.5,0.5
1322,20,4,0.9,0.1
1323,20,5,0.1,0.9
1324,20,5,0.5,0.5
1325,20,5,0.9,0.1
1326,20,6,0.1,0.9
1327,20,6,0.5,0.5
1328,20,6,0.9,0.1
1329,20,7,0.1,0.9
1330,20,7,0.5,0.5
1331,20,7,0.9,0.1
1332,20,8,0.1,0.9
1333,20,8,0.5,0.5
1334,20,8,0.9,0.1
1335,20,9,0.1,0.9
1336,20,9,0.5,0.5
1337,20,9,0.9,0.1
1338,20,10,0.1,0.9
1339,20,10,0.5,0.5
1340,20,10,0.9,0.1
1341,20,11,0.1,0.9
1342,20,11,0.5,0.5
1343,20,11,0.9,0.1
1344,20,12,0.1,0.9
1345,20,12,0.5,0.5
1346,20,12,0.9,0.1
1347,20,13,0.1,0.9
1348,20,13,0.5,0.5
1349,20,13,0.9,0.1
1350,20,14,0.1,0.9
1351,20,14,0.5,0.5
1352,20,14,0.9,0.1
1353,20,15,0.1,0.9
1354,20,15,0.5,0.5
1355,20,15,0.9,0.1
1356,20,16,0.1,0.9
1357,20,16,0.5,0.5
1358,20,16,0.9,0.1
1359,20,17,0.1,0.9
1360,20,17,0.5,0.5
1361,20,17,0.9,0.1
1362,20,18,0.1,0.9
1363,20,18,0.5,0.5
1364,20,18,0.9,0.1
1365,20,19,0.1,0.9
1366,20,19,0.5,0.5
1367,20,19,0.9,0.1
1368,20,21,0.1,0.9
1369,20,21,0.5,0.5
1370,20,21,0.9,0.1
1371,20,22,0.1,0.9
1372,20,22,0.5,0.5
1373,20,22,0.9,0.1
1374,20,23,0.1,0.9
1375,20,23,0.5,0.5
1376,20,23,0.9,0.1
1377,20,24,0.1,0.9
1378,20,24,0.5,0.5
1379,20,24,0.9,0.1
1380,21,1,0.1,0.9
1381,21,1,0.5,0.5
1382,21,1,0.9,0.1
1383,21,2,0.1,0.9
1384,21,2,0.5,0.5
1385,21,2,0.9,0.1
1386,21,3,0.1,0.9
1387,21,3,0.5,0.5
1388,21,3,0.9,0.1
1389,21,4,0.1,0.9
1390,21,4,0.5,0.5
1391,21,4,0.9,0.1
1392,21,5,0.1,0.9
1393,21,5,0.5,0.5
1394,21,5,0.9,0.1
1395,21,6,0.1,0.9
1396,21,6,0.5,0.5
1397,21,6,0.9,0.1
1398,21,7,0.1,0.9
1399,21,7,0.5,0.5
1400,21,7,0.9,0.1
1401,21,8,0.1,0.9
1402,21,8,0.5,0.5
1403,21,8,0.9,0.1
1404,21,9,0.1,0.9
1405,21,9,0.5,0.5
1406,21,9,0.9,0.1
1407,21,10,0.1,0.9
1408,21,10,0.5,0.5
1409,21,10,0.9,0.1
1410,21,11,0.1,0.9
1411,21,11,0.5,0.5
1412,21,11,0.9,0.1
1413,21,12,0.1,0.9
1414,21,12,0.5,0.5
1415,21,12,0.9,0.1
1416,21,13,0.1,0.9
1417,21,13,0.5,0.5
1418,21,13,0.9,0.1
1419,21,14,0.1,0.9
1420,21,14,0.5,0.5
1421,21,14,0.9,0.1
1422,21,15,0.1,0.9
1423,21,15,0.5,0.5
1424,21,15,0.9,0.1
1425,21,16,0.1,0.9
1426,21,16,0.5,0.5
1427,21,16,0.9,0.1
1428,21,17,0.1,0.9
1429,21,17,0.5,0.5
1430,21,17,0.9,0.1
1431,21,18,0.1,0.9
1432,21,18,0.5,0.5
1433,21,18,0.9,0.1
1434,21,19,0.1,0.9
1435,21,19,0.5,0.5
1436,21,19,0.9,0.1
1437,21,20,0.1,0.9
1438,21,20,0.5,0.5
1439,21,20,0.9,0.1
1440,21,22,0.1,0.9
1441,21,22,0.5,0.5
1442,21,22,0.9,0.1
1443,21,23,0.1,0.9
1444,21,23,0.5,0.5
1445,21,23,0.9,0.1
1446,21,24,0.1,0.9
1447,21,24,0.5,0.5
1448,21,24,0.9,0.1
1449,22,1,0.1,0.9
1450,22,1,0.5,0.5
1451,22,1,0.9,0.1
1452,22,2,0.1,0.9
1453,22,2,0.5,0.5
1454,22,2,0.9,0.1
1455,22,3,0.1,0.9
1456,22,3,0.5,0.5
1457,22,3,0.9,0.1
1458,22,4,0.1,0.9
1459,22,4,0.5,0.5
1460,22,4,0.9,0.1
1461,22,5,0.1,0.9
1462,22,5,0.5,0.5
1463,22,5,0.9,0.1
1464,22,6,0.1,0.9
1465,22,6,0.5,0.5
1466,22,6,0.9,0.1
1467,22,7,0.1,0.9
1468,22,7,0.5,0.5
1469,22,7,0.9,0.1
1470,22,8,0.1,0.9
1471,22,8,0.5,0.5
1472,22,8,0.9,0.1
1473,22,9,0.1,0.9
1474,22,9,0.5,0.5
1475,22,9,0.9,0.1
1476,22,10,0.1,0.9
1477,22,10,0.5,0.5
1478,22,10,0.9,0.1
1479,22,11,0.1,0.9
1480,22,11,0.5,0.5
1481,22,11,0.9,0.1
1482,22,12,0.1,0.9
1483,22,12,0.5,0.5
1484,22,12,0.9,0.1
1485,22,13,0.1,0.9
1486,22,13,0.5,0.5
1487,22,13,0.9,0.1
1488,22,14,0.1,0.9
1489,22,14,0.5,0.5
1490,22,14,0.9,0.1
1491,22,15,0.1,0.9
1492,22,15,0.5,0.5
1493,22,15,0.9,0.1
1494,22,16,0.1,0.9
1495,22,16,0.5,0.5
1496,22,16,0.9,0.1
1497,22,17,0.1,0.9
1498,22,17,0.5,0.5
1499,22,17,0.9,0.1
1500,22,18,0.1,0.9
1501,22,18,0.5,0.5
1502,22,18,0.9,0.1
1503,22,19,0.1,0.9
1504,22,19,0.5,0.5
1505,22,19,0.9,0.1
1506,22,20,0.1,0.9
1507,22,20,0.5,0.5
1508,22,20,0.9,0.1
1509,22,21,0.1,0.9
1510,22,21,0.5,0.5
1511,22,21,0.9,0.1
1512,22,23,0.1,0.9
1513,22,23,0.5,0.5
1514,22,23,0.9,0.1
1515,22,24,0.1,0.9
1516,22,24,0.5,0.5
1517,22,24,0.9,0.1
1518,23,1,0.1,0.9
1519,23,1,0.5,0.5
1520,23,1,0.9,0.1
1521,23,2,0.1,0.9
1522,23,2,0.5,0.5
1523,23,2,0.9,0.1
1524,23,3,0.1,0.9
1525,23,3,0.5,0.5
1526,23,3,0.9,0.1
1527,23,4,0.1,0.9
1528,23,4,0.5,0.5
1529,23,4,0.9,0.1
1530,23,5,0.1,0.9
1531,23,5,0.5,0.5
1532,23,5,0.9,0.1
1533,23,6,0.1,0.9
1534,23,6,0.5,0.5
1535,23,6,0.9,0.1
1536,23,7,0.1,0.9
1537,23,7,0.5,0.5
1538,23,7,0.9,0.1
1539,23,8,0.1,0.9
1540,23,8,0.5,0.5
1541,23,8,0.9,0.1
1542,23,9,0.1,0.9
1543,23,9,0.5,0.5
1544,23,9,0.9,0.1
1545,23,10,0.1,0.9
1546,23,10,0.5,0.5
1547,23,10,0.9,0.1
1548,23,11,0.1,0.9
1549,23,11,0.5,0.5
1550,23,11,0.9,0.1
1551,23,12,0.1,0.9
1552,23,12,0.5,0.5
1553,23,12,0.9,0.1
1554,23,13,0.1,0.9
1555,23,13,0.5,0.5
1556,23,13,0.9,0.1
1557,23,14,0.1,0.9
1558,23,14,0.5,0.5
1559,23,14,0.9,0.1
1560,23,15,0.1,0.9
1561,23,15,0.5,0.5
1562,23,15,0.9,0.1
1563,23,16,0.1,0.9
1564,23,16,0.5,0.5
1565,23,16,0.9,0.1
1566,23,17,0.1,0.9
1567,23,17,0.5,0.5
1568,23,17,0.9,0.1
1569,23,18,0.1,0.9
1570,23,18,0.5,0.5
1571,23,18,0.9,0.1
1572,23,19,0.1,0.9
1573,23,19,0.5,0.5
1574,23,19,0.9,0.1
1575,23,20,0.1,0.9
1576,23,20,0.5,0.5
1577,23,20,0.9,0.1
1578,23,21,0.1,0.9
1579,23,21,0.5,0.5
1580,23,21,0.9,0.1
1581,23,22,0.1,0.9
1582,23,22,0.5,0.5
1583,23,22,0.9,0.1
1584,23,24,0.1,0.9
1585,23,24,0.5,0.5
1586,23,24,0.9,0.1
1587,24,1,0.1,0.9
1588,24,1,0.5,0.5
1589,24,1,0.9,0.1
1590,24,2,0.1,0.9
1591,24,2,0.5,0.5
1592,24,2,0.9,0.1
1593,24,3,0.1,0.9
1594,24,3,0.5,0.5
1595,24,3,0.9,0.1
1596,24,4,0.1,0.9
1597,24,4,0.5,0.5
1598,24,4,0.9,0.1
1599,24,5,0.1,0.9
1600,24,5,0.5,0.5
1601,24,5,0.9,0.1
1602,24,6,0.1,0.9
1603,24,6,0.5,0.5
1604,24,6,0.9,0.1
1605,24,7,0.1,0.9
1606,24,7,0.5,0.5
1607,24,7,0.9,0.1
1608,24,8,0.1,0.9
1609,24,8,0.5,0.5
1610,24,8,0.9,0.1
1611,24,9,0.1,0.9
1612,24,9,0.5,0.5
1613,24,9,0.9,0.1
1614,24,10,0.1,0.9
1615,24,10,0.5,0.5
1616,24,10,0.9,0.1
1617,24,11,0.1,0.9
1618,24,11,0.5,0.5
1619,24,11,0.9,0.1
1620,24,12,0.1,0.9
1621,24,12,0.5,0.5
1622,24,12,0.9,0.1
1623,24,13,0.1,0.9
1624,24,13,0.5,0.5
1625,24,13,0.9,0.1
1626,24,14,0.1,0.9
1627,24,14,0.5,0.5
1628,24,14,0.9,0.1
1629,24,15,0.1,0.9
1630,24,15,0.5,0.5
1631,24,15,0.9,0.1
1632,24,16,0.1,0.9
1633,24,16,0.5,0.5
1634,24,16,0.9,0.1
1635,24,17,0.1,0.9
1636,24,17,0.5,0.5
1637,24,17,0.9,0.1
1638,24,18,0.1,0.9
1639,24,18,0.5,0.5
1640,24,18,0.9,0.1
1641,24,19,0.1,0.9
1642,24,19,0.5,0.5
1643,24,19,0.9,0.1
1644,24,20,0.1,0.9
1645,24,20,0.5,0.5
1646,24,20,0.9,0.1
1647,24,21,0.1,0.9
1648,24,21,0.5,0.5
1649,24,21,0.9,0.1
1650,24,22,0.1,0.9
1651,24,22,0.5,0.5
1652,24,22,0.9,0.1
1653,24,23,0.1,0.9
1654,24,23,0.5,0.5
1655,24,23,0.9,0.1
